time,mean_response_time
0,0.0
300,11.74868542815093
600,13.985573091632526
900,15.953691302430386
1200,16.989831789196053
1500,17.903412950554525
1800,18.036442669992667
2100,18.03573894679161
2400,17.70140173190367
2700,18.187251779311573
3000,19.645798862715456
3300,20.176249286158214
3600,19.613431209189283
